{"name":null,"assets":"aoy4:pathy17:icon%2Feraser.pngy4:sizei375y4:typey5:IMAGEy2:idR1goR0y15:icon%2Fflag.pngR2i188R3R4R5R6goR0y15:icon%2Fline.pngR2i245R3R4R5R7goR0y15:icon%2Flock.pngR2i165R3R4R5R8goR0y14:icon%2Fpan.pngR2i229R3R4R5R9goR0y16:icon%2Fpause.pngR2i108R3R4R5R10goR0y17:icon%2Fpencil.pngR2i473R3R4R5R11goR0y15:icon%2Fplay.pngR2i252R3R4R5R12goR0y15:icon%2Fsave.pngR2i179R3R4R5R13goR0y19:icon%2Fsettings.pngR2i386R3R4R5R14goR0y15:icon%2Fstop.pngR2i106R3R4R5R15goR2i176686R3y4:FONTy9:classNamey38:__ASSET__fonts_verdana_bold_italic_ttfR5y35:fonts%2FVerdana%20Bold%20Italic.ttfgoR2i159345R3R16R17y31:__ASSET__fonts_verdana_bold_ttfR5y26:fonts%2FVerdana%20Bold.ttfgoR2i176848R3R16R17y33:__ASSET__fonts_verdana_italic_ttfR5y28:fonts%2FVerdana%20Italic.ttfgoR2i131340R3R16R17y26:__ASSET__fonts_verdana_ttfR5y19:fonts%2FVerdana.ttfgoR0y31:swf%2Farm.bundle%2Flibrary.jsonR2i178R3y4:TEXTR5R26goR0y30:swf%2Farm.bundle%2Fswflite.datR2i1619R3R27R5R28goR0y32:swf%2Fbody.bundle%2Flibrary.jsonR2i179R3R27R5R29goR0y31:swf%2Fbody.bundle%2Fswflite.datR2i3169R3R27R5R30goR0y31:swf%2Fleg.bundle%2Flibrary.jsonR2i178R3R27R5R31goR0y30:swf%2Fleg.bundle%2Fswflite.datR2i1396R3R27R5R32goR0y32:swf%2Fsled.bundle%2Flibrary.jsonR2i179R3R27R5R33goR0y31:swf%2Fsled.bundle%2Fswflite.datR2i2233R3R27R5R34gh","version":2,"libraryArgs":[],"libraryType":null}